Artiodactyla,Antilocapridae,32000,49.984
Artiodactyla,Antilocapridae,37800,51.981
Artiodactyla,Bovidae,347000,306.77
Artiodactyla,Bovidae,4200,10.075
Artiodactyla,Bovidae,196500,230.073
Artiodactyla,Bovidae,100000,148.949
Artiodactyla,Bovidae,4290,11.966
Artiodactyla,Bovidae,32000,46.414
Artiodactyla,Bovidae,65000,123.287
Artiodactyla,Bovidae,69125,106.663
Artiodactyla,Bovidae,9600,20.619
Artiodactyla,Bovidae,133300,180.15
Artiodactyla,Bovidae,150000,200.83
Artiodactyla,Camelidae,407000,224.779
Artiodactyla,Camelidae,115000,148.94
Artiodactyla,Canidae,67000,112.43
Artiodactyla,Cervidae,325000,286.847
Artiodactyla,Cervidae,21500,46.347
Artiodactyla,Cervidae,58588,142.863
Artiodactyla,Cervidae,65320,106.67
Artiodactyla,Cervidae,85000,119.66
Artiodactyla,Suidae,135000,104.15
Artiodactyla,Tayassuidae,20500,33.165
Artiodactyla,Tragulidae,1613,4.9
Artiodactyla,Tragulidae,1618,4.865
Carnivora,Canidae,3600,7.665
Carnivora,Canidae,10000,14.99
Carnivora,Canidae,10300,25.167
Carnivora,Canidae,7720,21.533
Carnivora,Canidae,5444,8.502
Carnivora,Canidae,8750,33.01
Carnivora,Canidae,1769,4.948
Carnivora,Canidae,4440,13.623
Carnivora,Canidae,4725,13.841
Carnivora,Canidae,1106,2.23
Carnivora,Canidae,1215,3.252
Carnivora,Felidae,37900,50.107
Carnivora,Felidae,39000,76.148
Carnivora,Felidae,37200,49.326
Carnivora,Felidae,8400,9.69
Carnivora,Felidae,10500,17.439
Carnivora,Felidae,3600,5.227
Carnivora,Felidae,1012,1.44
Carnivora,Felidae,9400,23.542
Carnivora,Felidae,98000,94.58
Carnivora,Felidae,50400,62.419
Carnivora,Felidae,137900,133.859
Carnivora,Herpestidae,500,2.12
Carnivora,Herpestidae,540,2.287
Carnivora,Herpestidae,611,2.248
Carnivora,Herpestidae,850,1.729
Carnivora,Hyaenidae,34300,31.954
Carnivora,Hyaenidae,7710,10.925
Carnivora,Hyaenidae,8100,12.239
Carnivora,Mustelidae,2950,6.811
Carnivora,Mustelidae,18000,67.278
Carnivora,Mustelidae,40000,144.15
Carnivora,Mustelidae,12700,31.765
Carnivora,Mustelidae,10000,25.104
Carnivora,Mustelidae,900,3.319
Carnivora,Mustelidae,1038,3.86
Carnivora,Mustelidae,920,4.0
Carnivora,Mustelidae,11050,16.647
Carnivora,Mustelidae,75,0.93
Carnivora,Mustelidae,210,1.75
Carnivora,Mustelidae,225,1.344
Carnivora,Mustelidae,660,2.722
Carnivora,Mustelidae,624,1.674
Carnivora,Mustelidae,9000,15.062
Carnivora,Phocidae,54000,118.59
Carnivora,Phocidae,150000,168.93
Carnivora,Phocidae,27400,73.29
Carnivora,Procyonidae,5740,4.898
Carnivora,Procyonidae,1280,3.537
Carnivora,Procyonidae,3670,6.733
Carnivora,Procyonidae,3850,5.649
Carnivora,Procyonidae,4000,5.534
Carnivora,Procyonidae,2215,4.177
Carnivora,Procyonidae,2343,4.441
Carnivora,Procyonidae,2400,4.27
Carnivora,Procyonidae,1160,2.588
Carnivora,Procyonidae,4620,12.191
Carnivora,Procyonidae,5075,8.92
Carnivora,Ursidae,66957,47.064
Carnivora,Viverridae,14280,12.747
Carnivora,Viverridae,2010,3.085
Carnivora,Viverridae,2260,5.09
Carnivora,Viverridae,1698,4.167
Carnivora,Viverridae,1700,4.21
Carnivora,Viverridae,4270,4.814
Carnivora,Viverridae,4270,6.432
Carnivora,Viverridae,3160,7.665
Carnivora,Viverridae,3410,3.995
Chiroptera,Emballonuridae,5,0.065
Chiroptera,Emballonuridae,7.8,0.081
Chiroptera,Hipposideridae,8.27,0.09
Chiroptera,Megadermatidae,107.2,0.526
Chiroptera,Megadermatidae,148,0.776
Chiroptera,Molossidae,56,0.222
Chiroptera,Molossidae,15.6,0.126
Chiroptera,Molossidae,14,0.062
Chiroptera,Molossidae,10.4,0.12
Chiroptera,Molossidae,16.9,0.113
Chiroptera,Mormoopidae,8.6,0.045
Chiroptera,Mormoopidae,16.5,0.136
Chiroptera,Mormoopidae,9.4,0.085
Chiroptera,Mormoopidae,19.2,0.171
Chiroptera,Mormoopidae,14,0.128
Chiroptera,Mormoopidae,4.9,0.034
Chiroptera,Natalidae,5.4,0.046
Chiroptera,Noctilionidae,27,0.176
Chiroptera,Noctilionidae,61,0.4
Chiroptera,Phyllostomidae,11.5,0.238
Chiroptera,Phyllostomidae,19.7,0.222
Chiroptera,Phyllostomidae,63.9,0.435
Chiroptera,Phyllostomidae,45.2,0.428
Chiroptera,Phyllostomidae,47,0.3
Chiroptera,Phyllostomidae,70.1,0.602
Chiroptera,Phyllostomidae,14.9,0.24
Chiroptera,Phyllostomidae,19.9,0.173
Chiroptera,Phyllostomidae,96.1,0.788
Chiroptera,Phyllostomidae,29.4,0.194
Chiroptera,Phyllostomidae,36.6,0.208
Chiroptera,Phyllostomidae,27.8,0.215
Chiroptera,Phyllostomidae,16.1,0.099
Chiroptera,Phyllostomidae,9.6,0.164
Chiroptera,Phyllostomidae,22,0.245
Chiroptera,Phyllostomidae,11.7,0.082
Chiroptera,Phyllostomidae,8.7,0.062
Chiroptera,Phyllostomidae,33.5,0.267
Chiroptera,Phyllostomidae,35.6,0.216
Chiroptera,Phyllostomidae,84.2,0.559
Chiroptera,Phyllostomidae,21.9,0.25
Chiroptera,Phyllostomidae,9.5,0.091
Chiroptera,Phyllostomidae,9.5,0.104
Chiroptera,Phyllostomidae,21,0.19
Chiroptera,Phyllostomidae,21.9,0.297
Chiroptera,Phyllostomidae,20.5,0.223
Chiroptera,Phyllostomidae,27.4,0.307
Chiroptera,Phyllostomidae,16.2,0.176
Chiroptera,Phyllostomidae,8.8,0.104
Chiroptera,Pteropodidae,37,0.26
Chiroptera,Pteropodidae,37.4,0.265
Chiroptera,Pteropodidae,73.7,0.415
Chiroptera,Pteropodidae,87,0.612
Chiroptera,Pteropodidae,241.4,0.971
Chiroptera,Pteropodidae,404.3,2.052
Chiroptera,Pteropodidae,179.5,0.795
Chiroptera,Pteropodidae,51.6,0.268
Chiroptera,Pteropodidae,15.9,0.103
Chiroptera,Pteropodidae,12.4,0.121
Chiroptera,Pteropodidae,53.3,0.242
Chiroptera,Pteropodidae,28.2,0.225
Chiroptera,Pteropodidae,30.9,0.152
Chiroptera,Pteropodidae,40.4,0.36
Chiroptera,Pteropodidae,13.6,0.114
Chiroptera,Pteropodidae,21.3,0.17
Chiroptera,Pteropodidae,23.6,0.137
Chiroptera,Pteropodidae,562.2,1.622
Chiroptera,Pteropodidae,520.8,1.618
Chiroptera,Pteropodidae,598,1.768
Chiroptera,Pteropodidae,194.2,0.705
Chiroptera,Pteropodidae,254.5,0.753
Chiroptera,Pteropodidae,362,1.353
Chiroptera,Pteropodidae,1024.3,4.486
Chiroptera,Pteropodidae,146,0.684
Chiroptera,Pteropodidae,91.5,0.582
Chiroptera,Pteropodidae,15.9,0.122
Chiroptera,Pteropodidae,17.5,0.188
Chiroptera,Rhinolophidae,8.5,0.05
Chiroptera,Vespertilionida,22,0.104
Chiroptera,Vespertilionida,17.5,0.141
Chiroptera,Vespertilionida,10.4,0.116
Chiroptera,Vespertilionida,16.9,0.11
Chiroptera,Vespertilionida,11.2,0.088
Chiroptera,Vespertilionida,10.91,0.145
Chiroptera,Vespertilionida,5.2,0.05
Chiroptera,Vespertilionida,6.5,0.052
Chiroptera,Vespertilionida,3.7,0.027
Chiroptera,Vespertilionida,11.89,0.04
Chiroptera,Vespertilionida,25,0.199
Chiroptera,Vespertilionida,5,0.047
Chiroptera,Vespertilionida,8,0.062
Chiroptera,Vespertilionida,10.25,0.082
Dasyuromorpha,Caluromyidae,329,1.255
Dasyuromorpha,Caluromyidae,357,1.135
Dasyuromorpha,Dasyuridae,46.5,0.252
Dasyuromorpha,Dasyuridae,22.1,0.19
Dasyuromorpha,Dasyuridae,28.2,0.189
Dasyuromorpha,Dasyuridae,66.9,0.351
Dasyuromorpha,Dasyuridae,89,0.44
Dasyuromorpha,Dasyuridae,91.7,0.4
Dasyuromorpha,Dasyuridae,103.5,0.456
Dasyuromorpha,Dasyuridae,118.2,0.462
Dasyuromorpha,Dasyuridae,86,0.24
Dasyuromorpha,Dasyuridae,88.8,0.26
Dasyuromorpha,Dasyuridae,89,0.258
Dasyuromorpha,Dasyuridae,101,0.285
Dasyuromorpha,Dasyuridae,1300,2.82
Dasyuromorpha,Dasyuridae,1354,3.172
Dasyuromorpha,Dasyuridae,558,1.356
Dasyuromorpha,Dasyuridae,584.4,1.663
Dasyuromorpha,Dasyuridae,1782,3.01
Dasyuromorpha,Dasyuridae,1782,3.281
Dasyuromorpha,Dasyuridae,909.9,2.31
Dasyuromorpha,Dasyuridae,982,2.21
Dasyuromorpha,Dasyuridae,11.6,0.088
Dasyuromorpha,Dasyuridae,147,0.664
Dasyuromorpha,Dasyuridae,157,0.71
Dasyuromorpha,Dasyuridae,157.2,0.71
Dasyuromorpha,Dasyuridae,8.9,0.071
Dasyuromorpha,Dasyuridae,9.1,0.039
Dasyuromorpha,Dasyuridae,9.4,0.07
Dasyuromorpha,Dasyuridae,7.1,0.063
Dasyuromorpha,Dasyuridae,10.8,0.067
Dasyuromorpha,Dasyuridae,8.5,0.06
Dasyuromorpha,Dasyuridae,13.1,0.074
Dasyuromorpha,Dasyuridae,7.1,0.063
Dasyuromorpha,Dasyuridae,43.1,0.152
Dasyuromorpha,Dasyuridae,5775,7.394
Dasyuromorpha,Dasyuridae,6500,10.153
Dasyuromorpha,Dasyuridae,14.1,0.11
Dasyuromorpha,Dasyuridae,15.9,0.114
Dasyuromorpha,Dasyuridae,16.4,0.14
Dasyuromorpha,Dasyuridae,17.7,0.123
Dasyuromorpha,Dasyuridae,24.2,0.132
Dasyuromorpha,Dasyuridae,25.8,0.141
Dasyuromorpha,Dasyuridae,27.4,0.15
Dasyuromorpha,Dasyuridae,19.35,0.126
Dasyuromorpha,Dasyuridae,22,0.131
Dasyuromorpha,Dasyuridae,12.9,0.114
Dasyuromorpha,Dasyuridae,19,0.12
Dasyuromorpha,Didelphidae,935,2.549
Dasyuromorpha,Didelphidae,946,3.061
Dasyuromorpha,Didelphidae,1165,3.185
Dasyuromorpha,Didelphidae,1329,3.44
Dasyuromorpha,Didelphidae,2488,4.641
Dasyuromorpha,Didelphidae,3257,6.05
Dasyuromorpha,Didelphidae,812,2.265
Dasyuromorpha,Didelphidae,751,1.886
Dasyuromorpha,Marmosidae,13,0.106
Dasyuromorpha,Marmosidae,122,0.547
Dasyuromorpha,Marmosidae,336,1.144
Dasyuromorpha,Marmosidae,75.5,0.318
Dasyuromorpha,Marmosidae,111,0.421
Dasyuromorpha,Marmosidae,104,0.335
Dasyuromorpha,Myrmecobiidae,400,0.794
Dasyuromorpha,Myrmecobiidae,480,1.036
Diprotodontia,Acrobatidae,14,0.084
Diprotodontia,Burramyidae,44.3,0.205
Diprotodontia,Burramyidae,12.6,0.105
Diprotodontia,Burramyidae,60,0.288
Diprotodontia,Burramyidae,70,0.336
Diprotodontia,Macropodidae,6960,7.96
Diprotodontia,Macropodidae,2660,4.749
Diprotodontia,Macropodidae,4796,7.78
Diprotodontia,Macropodidae,29300,31.71
Diprotodontia,Macropodidae,30000,34.46
Diprotodontia,Macropodidae,25000,30.13
Diprotodontia,Macropodidae,32490,32.625
Diprotodontia,Macropodidae,2510,4.52
Diprotodontia,Macropodidae,2674,4.654
Diprotodontia,Macropodidae,2940,4.92
Diprotodontia,Petauridae,166,0.574
Diprotodontia,Petauridae,127,0.502
Diprotodontia,Petauridae,128.1,0.5
Diprotodontia,Petauridae,130,0.522
Diprotodontia,Petauridae,132.2,0.546
Diprotodontia,Phalangeridae,4250,6.164
Diprotodontia,Phalangeridae,4250,6.378
Diprotodontia,Phalangeridae,1982,3.538
Diprotodontia,Phalangeridae,2005,4.081
Diprotodontia,Phascolarctidae,4700,5.72
Diprotodontia,Phascolarctidae,4765,5.768
Diprotodontia,Potoroidae,2820,5.978
Diprotodontia,Potoroidae,1385,3.578
Diprotodontia,Potoroidae,1018,3.132
Diprotodontia,Potoroidae,976,2.323
Diprotodontia,Potoroidae,1120,2.812
Diprotodontia,Pseudocheiridae,18.6,0.125
Diprotodontia,Pseudocheiridae,1140,3.18
Diprotodontia,Pseudocheiridae,1141,3.202
Diprotodontia,Pseudocheiridae,828,2.21
Diprotodontia,Pseudocheiridae,835,2.194
Diprotodontia,Pseudocheiridae,861,2.282
Diprotodontia,Pseudocheiridae,916,2.402
Diprotodontia,Tarsipedidae,10,0.162
Diprotodontia,Vombatidae,25000,15.341
Diprotodontia,Vombatidae,29917,16.69
Hyracoidea,Procaviidae,2210,4.19
Hyracoidea,Procaviidae,1287,3.733
Hyracoidea,Procaviidae,2000,4.017
Hyracoidea,Procaviidae,2250,5.021
Hyracoidea,Procaviidae,2400,3.682
Hyracoidea,Procaviidae,2750,6.577
Insectivora,Chrysochloridae,70,0.473
Insectivora,Chrysochloridae,33,0.22
Insectivora,Chrysochloridae,34,0.228
Insectivora,Chrysochloridae,44,0.287
Insectivora,Chrysochloridae,20,0.056
Insectivora,Chrysochloridae,26.1,0.086
Insectivora,Erinaceidae,450,0.828
Insectivora,Erinaceidae,721.2,2.816
Insectivora,Erinaceidae,822.7,1.937
Insectivora,Erinaceidae,750,1.883
Insectivora,Erinaceidae,1191.2,2.632
Insectivora,Erinaceidae,2000,2.91
Insectivora,Erinaceidae,450,0.628
Insectivora,Erinaceidae,453,0.632
Insectivora,Erinaceidae,397,0.842
Insectivora,Erinaceidae,400,0.848
Insectivora,Erinaceidae,57.8,0.335
Insectivora,Soricidae,20.4,0.331
Insectivora,Soricidae,20.5,0.366
Insectivora,Soricidae,20.7,0.29
Insectivora,Soricidae,22.1,0.397
Insectivora,Soricidae,10.2,0.188
Insectivora,Soricidae,9.5,0.117
Insectivora,Soricidae,10.2,0.125
Insectivora,Soricidae,33.2,0.248
Insectivora,Soricidae,10,0.145
Insectivora,Soricidae,11.5,0.167
Insectivora,Soricidae,11.7,0.166
Insectivora,Soricidae,11.8,0.138
Insectivora,Soricidae,12.8,0.15
Insectivora,Soricidae,38.3,0.32
Insectivora,Soricidae,38.9,0.326
Insectivora,Soricidae,16.9,0.17
Insectivora,Soricidae,17.3,0.173
Insectivora,Soricidae,9.6,0.131
Insectivora,Soricidae,10.1,0.166
Insectivora,Soricidae,10.4,0.128
Insectivora,Soricidae,13.7,0.15
Insectivora,Soricidae,6.5,0.105
Insectivora,Soricidae,6.8,0.11
Insectivora,Soricidae,7.5,0.12
Insectivora,Soricidae,14.7,0.123
Insectivora,Soricidae,15.3,0.128
Insectivora,Soricidae,6.2,0.107
Insectivora,Soricidae,6.4,0.25
Insectivora,Soricidae,13.1,0.373
Insectivora,Soricidae,14.1,0.373
Insectivora,Soricidae,17.1,0.31
Insectivora,Soricidae,17.1,0.305
Insectivora,Soricidae,4,0.074
Insectivora,Soricidae,7.8,0.265
Insectivora,Soricidae,7.9,0.269
Insectivora,Soricidae,8.05,0.336
Insectivora,Soricidae,8.7,0.361
Insectivora,Soricidae,3.5,0.176
Insectivora,Soricidae,5,0.249
Insectivora,Soricidae,7.9,0.31
Insectivora,Soricidae,9.1,0.29
Insectivora,Soricidae,3.8,0.182
Insectivora,Soricidae,4,0.172
Insectivora,Soricidae,4.2,0.183
Insectivora,Soricidae,4.6,0.18
Insectivora,Soricidae,9.7,0.292
Insectivora,Soricidae,5.2,0.157
Insectivora,Soricidae,2.4,0.08
Insectivora,Soricidae,2.5,0.05
Insectivora,Soricidae,30.2,0.332
Insectivora,Soricidae,52.3,0.49
Insectivora,Talpidae,49,0.615
Insectivora,Talpidae,11.8,0.259
Insectivora,Talpidae,48,0.378
Insectivora,Talpidae,61,0.425
Insectivora,Talpidae,61.2,0.358
Insectivora,Talpidae,130.1,0.607
Insectivora,Tenrecidae,116.4,0.75
Insectivora,Tenrecidae,6.9,0.043
Insectivora,Tenrecidae,101.9,0.404
Insectivora,Tenrecidae,133,0.358
Insectivora,Tenrecidae,77.7,0.312
Insectivora,Tenrecidae,77.7,0.404
Insectivora,Tenrecidae,12.2,0.179
Insectivora,Tenrecidae,44.6,0.315
Insectivora,Tenrecidae,44,0.243
Insectivora,Tenrecidae,345,0.483
Insectivora,Tenrecidae,530,0.68
Insectivora,Tenrecidae,650,0.729
Lagomorpha,Leporidae,432,2.145
Lagomorpha,Leporidae,3000,9.205
Lagomorpha,Leporidae,3250,9.972
Lagomorpha,Leporidae,3362,8.54
Lagomorpha,Leporidae,1380,5.235
Lagomorpha,Leporidae,1480,6.605
Lagomorpha,Leporidae,1562.8,6.975
Lagomorpha,Leporidae,1581,8.468
Lagomorpha,Leporidae,2100,6.65
Lagomorpha,Leporidae,3004.4,6.036
Lagomorpha,Leporidae,2300,7.314
Lagomorpha,Leporidae,3004,6.033
Lagomorpha,Leporidae,3025,11.815
Lagomorpha,Leporidae,2430,7.051
Lagomorpha,Leporidae,2620,8.404
Lagomorpha,Leporidae,2000,6.36
Lagomorpha,Leporidae,2350,8.6
Lagomorpha,Leporidae,672.4,2.443
Lagomorpha,Leporidae,701.7,2.57
Lagomorpha,Ochotonidae,127.7,1.389
Lagomorpha,Ochotonidae,109,0.932
Macroscelidae,Macroscelididae,45.3,0.244
Macroscelidae,Macroscelididae,49.8,0.303
Macroscelidae,Macroscelididae,50,0.304
Macroscelidae,Macroscelididae,46.49,0.29
Macroscelidae,Macroscelididae,61,0.358
Macroscelidae,Macroscelididae,62.97,0.37
Macroscelidae,Macroscelididae,65.2,0.436
Macroscelidae,Macroscelididae,45.31,0.267
Macroscelidae,Macroscelididae,53,0.312
Macroscelidae,Macroscelididae,53,0.317
Macroscelidae,Macroscelididae,39,0.292
Macroscelidae,Macroscelididae,206.1,1.001
Macroscelidae,Macroscelididae,208,0.859
Macroscelidae,Macroscelididae,210,0.72
Monotremata,Ornithorhynchidae,693,1.082
Monotremata,Ornithorhynchidae,1200,2.5
Monotremata,Ornithorynchidae,1315,2.663
Monotremata,Tachyglossidae,2140,1.564
Monotremata,Tachyglossidae,2725,2.404
Monotremata,Tachyglossidae,3430,2.55
Monotremata,Tachyglossidae,3580,3.056
Monotremata,Tachyglossidae,10300,6.778
Monotremata,Tachyglossidae,13630,6.22
Notoryctomorphia,Notoryctidae,34,0.119
Peramelemorphia,Peramelidae,428,0.837
Peramelemorphia,Peramelidae,1551,3.202
Peramelemorphia,Peramelidae,717,1.238
Peramelemorphia,Peramelidae,1011,1.974
Peramelemorphia,Peramelidae,1294,2.51
Peramelemorphia,Peramelidae,1477,2.79
Peramelemorphia,Peramelidae,837,2.343
Perissodactyla,Peramelidae,645,1.763
Pholidota,Peroryctidae,616,1.685
Pholidota,Peroryctidae,1276,3.018
Pholidota,Peroryctidae,695,1.902
Pholidota,Equidae,177500,164.92
Pholidota,Manidae,15910,6.923
Pholidota,Manidae,4220,6.23
Primates,Manidae,3637.5,3.727
Primates,Manidae,1430,1.278
Primates,Manidae,1365,1.54
Primates,Manidae,2730,4.63
Primates,Callitrichidae,190,0.848
Primates,Callitrichidae,105,0.55
Primates,Callitrichidae,116.8,0.653
Primates,Callitrichidae,225,1.305
Primates,Cebidae,4670,11.464
Primates,Cebidae,820,2.466
Primates,Cebidae,1020,2.532
Primates,Cebidae,800,4.39
Primates,Cebidae,875,4.468
Primates,Cercopithecidae,8500,18.923
Primates,Cercopithecidae,8800,19.637
Primates,Cercopithecidae,10450,16.613
Primates,Cercopithecidae,10800,17.472
Primates,Cercopithecidae,3000,5.958
Primates,Cercopithecidae,9500,15.497
Primates,Cercopithecidae,16900,28.713
Primates,Cheirogaleidae,300,1.088
Primates,Hominidae,70000,82.78
Primates,Indriidae,3350,3.738
Primates,Lemuridae,2330,4.162
Primates,Lemuridae,2419,4.318
Primates,Lorisidae,206,0.731
Primates,Lorisidae,261.5,1.205
Primates,Lorisidae,170,0.285
Primates,Lorisidae,171.5,0.764
Primates,Lorisidae,61,0.42
Primates,Lorisidae,63.8,0.329
Primates,Lorisidae,284,0.714
Primates,Lorisidae,953.3,1.292
Primates,Lorisidae,1160,1.523
Primates,Lorisidae,1300,1.73
Primates,Lorisidae,950,2.298
Primates,Lorisidae,1039,2.93
Primates,Lorisidae,1314,3.927
Primates,Lorisidae,932.5,1.94
Proboscidea,Lorisidae,964,1.824
Rodentia,Lorisidae,1011,2.07
Rodentia,Tarsiidae,173,0.831
Rodentia,Tarsiidae,113,0.43
Rodentia,Elphantidae,3672000,2336.5
Rodentia,Agoutidae,9156,15.323
Rodentia,Aplodontidae,630,1.546
Rodentia,Aplodontidae,793,2.314
Rodentia,Bathyergidae,406,1.201
Rodentia,Bathyergidae,620,1.695
Rodentia,Bathyergidae,712,1.907
Rodentia,Bathyergidae,94,0.388
Rodentia,Bathyergidae,125,0.397
Rodentia,Bathyergidae,138,0.439
Rodentia,Bathyergidae,60,0.328
Rodentia,Bathyergidae,71,0.38
Rodentia,Bathyergidae,75,0.377
Rodentia,Bathyergidae,77,0.271
Rodentia,Bathyergidae,79.5,0.31
Rodentia,Bathyergidae,95,0.36
Rodentia,Bathyergidae,102,0.455
Rodentia,Bathyergidae,267,0.894
Rodentia,Bathyergidae,272,0.91
Rodentia,Bathyergidae,191,0.629
Rodentia,Bathyergidae,195,0.645
Rodentia,Bathyergidae,88,0.42
Rodentia,Bathyergidae,89,0.44
Rodentia,Bathyergidae,32,0.114
Rodentia,Bathyergidae,39,0.144
Rodentia,Capromyidae,2630,3.375
Rodentia,Capromyidae,2456,4.11
Rodentia,Capromyidae,775,1.483
Rodentia,Caviidae,570,2.226
Rodentia,Caviidae,629,1.93
Rodentia,Caviidae,728,2.25
Rodentia,Caviidae,1613,4.05
Rodentia,Caviidae,322,1.473
Rodentia,Caviidae,801,2.011
Rodentia,Caviidae,255,0.98
Rodentia,Chinchillidae,403,1.574
Rodentia,Chinchillidae,426,1.117
Rodentia,Chinchillidae,485,1.28
Rodentia,Chinchillidae,6784,10.597
Rodentia,Chinchillidae,6804,10.65
Rodentia,Ctenomyidae,340,0.65
Rodentia,Ctenomyidae,300,1.054
Rodentia,Ctenomyidae,215,1.044
Rodentia,Ctenomyidae,490,1.23
Rodentia,Ctenomyidae,121,0.611
Rodentia,Dasyproctidae,3849,10.521
Rodentia,Dasyproctidae,2687,8.694
Rodentia,Dasyproctidae,914,2.804
Rodentia,Dipodidae,160,0.676
Rodentia,Dipodidae,75,0.515
Rodentia,Dipodidae,139,0.775
Rodentia,Dipodidae,21.6,0.22
Rodentia,Dipodidae,22,0.221
Rodentia,Dipodidae,10,0.179
Rodentia,Dipodidae,23.8,0.199
Rodentia,Dipodidae,25,0.209
Rodentia,Dipodidae,30,0.251
Rodentia,Echimyidae,498,1.75
Rodentia,Echimyidae,323,1.153
Rodentia,Erethizontidae,3280,5.123
Rodentia,Erethizontidae,4290,11.966
Rodentia,Erethizontidae,6790,13.76
Rodentia,Erethizontidae,11136,15.531
Rodentia,Geomyidae,197,0.769
Rodentia,Geomyidae,173,0.743
Rodentia,Geomyidae,200,0.792
Rodentia,Geomyidae,203,0.77
Rodentia,Geomyidae,143,0.67
Rodentia,Geomyidae,82.6,0.55
Rodentia,Geomyidae,105.5,0.719
Rodentia,Geomyidae,106.8,0.792
Rodentia,Geomyidae,85,0.403
Rodentia,Geomyidae,95.3,0.452
Rodentia,Heteromyidae,29.1,0.192
Rodentia,Heteromyidae,22,0.119
Rodentia,Heteromyidae,19.6,0.15
Rodentia,Heteromyidae,15.1,0.103
Rodentia,Heteromyidae,32,0.256
Rodentia,Heteromyidae,35.8,0.268
Rodentia,Heteromyidae,39.5,0.276
Rodentia,Heteromyidae,14.6,0.087
Rodentia,Heteromyidae,15,0.1
Rodentia,Heteromyidae,18.3,0.136
Rodentia,Heteromyidae,16,0.125
Rodentia,Heteromyidae,60.6,0.355
Rodentia,Heteromyidae,104.7,0.541
Rodentia,Heteromyidae,104.9,0.524
Rodentia,Heteromyidae,106,0.514
Rodentia,Heteromyidae,107.5,0.49
Rodentia,Heteromyidae,63.3,0.408
Rodentia,Heteromyidae,35,0.234
Rodentia,Heteromyidae,35.8,0.295
Rodentia,Heteromyidae,36.5,0.237
Rodentia,Heteromyidae,37.7,0.248
Rodentia,Heteromyidae,38,0.24
Rodentia,Heteromyidae,43.4,0.23
Rodentia,Heteromyidae,51.5,0.305
Rodentia,Heteromyidae,54.2,0.33
Rodentia,Heteromyidae,55.7,0.336
Rodentia,Heteromyidae,57.2,0.373
Rodentia,Heteromyidae,37.8,0.257
Rodentia,Heteromyidae,37.8,0.162
Rodentia,Heteromyidae,46.8,0.358
Rodentia,Heteromyidae,48.8,0.32
Rodentia,Heteromyidae,56.9,0.38
Rodentia,Heteromyidae,64.2,0.414
Rodentia,Heteromyidae,69.3,0.561
Rodentia,Heteromyidae,75.8,0.553
Rodentia,Heteromyidae,44.9,0.336
Rodentia,Heteromyidae,48.1,0.301
Rodentia,Heteromyidae,42.7,0.313
Rodentia,Heteromyidae,43.8,0.262
Rodentia,Heteromyidae,44.5,0.27
Rodentia,Heteromyidae,11,0.168
Rodentia,Heteromyidae,15.2,0.11
Rodentia,Heteromyidae,8.3,0.097
Rodentia,Heteromyidae,8.2,0.07
Rodentia,Heteromyidae,8.9,0.053
Rodentia,Heteromyidae,19.2,0.16
Rodentia,Hydrochaeridae,26385,36.798
Rodentia,Hystricidae,11300,13.175
Rodentia,Muridae,42,0.258
Rodentia,Muridae,51.1,0.23
Rodentia,Muridae,55.55,0.239
Rodentia,Muridae,60,0.251
Rodentia,Muridae,27.02,0.246
Rodentia,Muridae,32.25,0.465
Rodentia,Muridae,57.3,0.269
Rodentia,Muridae,64.2,0.317
Rodentia,Muridae,66.6,0.293
Rodentia,Muridae,31,0.259
Rodentia,Muridae,23.5,0.223
Rodentia,Muridae,24,0.228
Rodentia,Muridae,24,0.254
Rodentia,Muridae,42.3,0.321
Rodentia,Muridae,27,0.276
Rodentia,Muridae,37.7,0.675
Rodentia,Muridae,21.2,0.373
Rodentia,Muridae,23.4,0.236
Rodentia,Muridae,23.9,0.242
Rodentia,Muridae,40.5,0.85
Rodentia,Muridae,20.5,0.279
Rodentia,Muridae,20.7,0.282
Rodentia,Muridae,40.4,0.312
Rodentia,Muridae,42.3,0.394
Rodentia,Muridae,22,0.318
Rodentia,Muridae,23.9,0.242
Rodentia,Muridae,25.7,0.241
Rodentia,Muridae,21.8,0.329
Rodentia,Muridae,92,0.595
Rodentia,Muridae,97.5,0.631
Rodentia,Muridae,76.8,0.617
Rodentia,Muridae,62.3,0.546
Rodentia,Muridae,7.15,0.095
Rodentia,Muridae,48,0.311
Rodentia,Muridae,49.5,0.395
Rodentia,Muridae,50.1,0.417
Rodentia,Muridae,16,0.161
Rodentia,Muridae,16.9,0.154
Rodentia,Muridae,344,0.96
Rodentia,Muridae,32.8,0.452
Rodentia,Muridae,34.6,0.361
Rodentia,Muridae,34.9,0.345
Rodentia,Muridae,18.3,0.341
Rodentia,Muridae,22.3,0.275
Rodentia,Muridae,23.3,0.27
Rodentia,Muridae,24.6,0.332
Rodentia,Muridae,18,0.311
Rodentia,Muridae,20.5,0.27
Rodentia,Muridae,23.4,0.354
Rodentia,Muridae,24.6,0.32
Rodentia,Muridae,27,0.331
Rodentia,Muridae,27.5,0.31
Rodentia,Muridae,28,0.43
Rodentia,Muridae,213.2,0.908
Rodentia,Muridae,1521.4,5.703
Rodentia,Muridae,1870,6.364
Rodentia,Muridae,30.7,0.245
Rodentia,Muridae,336.7,1.19
Rodentia,Muridae,362,1.293
Rodentia,Muridae,400,1.272
Rodentia,Muridae,71.93,0.49
Rodentia,Muridae,47,0.52
Rodentia,Muridae,59.62,0.551
Rodentia,Muridae,61,0.391
Rodentia,Muridae,61,0.395
Rodentia,Muridae,17.5,0.167
Rodentia,Muridae,65.4,0.471
Rodentia,Muridae,33.9,0.194
Rodentia,Muridae,46.1,0.206
Rodentia,Muridae,29.9,0.177
Rodentia,Muridae,38.8,0.194
Rodentia,Muridae,35.3,0.217
Rodentia,Muridae,27.6,0.163
Rodentia,Muridae,29.7,0.237
Rodentia,Muridae,28.4,0.124
Rodentia,Muridae,31,0.135
Rodentia,Muridae,52.4,0.243
Rodentia,Muridae,60.5,0.28
Rodentia,Muridae,12.6,0.075
Rodentia,Muridae,108.5,0.454
Rodentia,Muridae,56.2,0.339
Rodentia,Muridae,69.4,0.469
Rodentia,Muridae,900,2.97
Rodentia,Muridae,137.9,0.677
Rodentia,Muridae,40.2,0.428
Rodentia,Muridae,30.3,0.281
Rodentia,Muridae,80,1.071
Rodentia,Muridae,50.2,0.503
Rodentia,Muridae,64,0.882
Rodentia,Muridae,70,0.67
Rodentia,Muridae,47.5,0.321
Rodentia,Muridae,50.53,0.343
Rodentia,Muridae,21.7,0.115
Rodentia,Muridae,41.49,0.183
Rodentia,Muridae,110.8,0.692
Rodentia,Muridae,69,0.304
Rodentia,Muridae,72.3,0.298
Rodentia,Muridae,112,0.55
Rodentia,Muridae,58.1,0.69
Rodentia,Muridae,67,0.43
Rodentia,Muridae,70,0.547
Rodentia,Muridae,98,0.82
Rodentia,Muridae,119.5,0.58
Rodentia,Muridae,6,0.224
Rodentia,Muridae,7.37,0.118
Rodentia,Muridae,8.7,0.24
Rodentia,Muridae,8.71,0.26
Rodentia,Muridae,22.3,0.38
Rodentia,Muridae,28,0.355
Rodentia,Muridae,20,0.346
Rodentia,Muridae,23.9,0.34
Rodentia,Muridae,53.1,0.412
Rodentia,Muridae,44,0.38
Rodentia,Muridae,43.8,0.447
Rodentia,Muridae,28.6,0.377
Rodentia,Muridae,30.2,0.347
Rodentia,Muridae,31.2,0.41
Rodentia,Muridae,41.4,0.4
Rodentia,Muridae,28,0.26
Rodentia,Muridae,28.8,0.262
Rodentia,Muridae,30.8,0.455
Rodentia,Muridae,35.1,0.465
Rodentia,Muridae,46.7,0.441
Rodentia,Muridae,47,0.459
Rodentia,Muridae,51,0.34
Rodentia,Muridae,32,0.57
Rodentia,Muridae,33.7,0.563
Rodentia,Muridae,37.8,0.457
Rodentia,Muridae,38,0.41
Rodentia,Muridae,38.9,0.419
Rodentia,Muridae,23.8,0.312
Rodentia,Muridae,25,0.28
Rodentia,Muridae,25.5,0.326
Rodentia,Muridae,51,0.5
Rodentia,Muridae,65.65,0.714
Rodentia,Muridae,80,0.964
Rodentia,Muridae,17.8,0.276
Rodentia,Muridae,52.2,0.504
Rodentia,Muridae,68.5,0.55
Rodentia,Muridae,67.4,0.327
Rodentia,Muridae,7.92,0.124
Rodentia,Muridae,8.06,0.134
Rodentia,Muridae,13.2,0.365
Rodentia,Muridae,17,0.16
Rodentia,Muridae,26,0.34
Rodentia,Muridae,21.8,0.345
Rodentia,Muridae,26.4,0.522
Rodentia,Muridae,93.78,0.707
Rodentia,Muridae,128,0.614
Rodentia,Muridae,134,0.568
Rodentia,Muridae,134,0.462
Rodentia,Muridae,135,0.64
Rodentia,Muridae,138,0.662
Rodentia,Muridae,151.9,0.713
Rodentia,Muridae,177.9,0.63
Rodentia,Muridae,201,0.83
Rodentia,Muridae,208,0.893
Rodentia,Muridae,258.1,1.209
Rodentia,Muridae,172.4,0.72
Rodentia,Muridae,183,0.75
Rodentia,Muridae,205.1,0.941
Rodentia,Muridae,320.9,1.41
Rodentia,Muridae,187,0.824
Rodentia,Muridae,98.7,0.413
Rodentia,Muridae,106,0.36
Rodentia,Muridae,110,0.485
Rodentia,Muridae,113.4,0.517
Rodentia,Muridae,138,0.554
Rodentia,Muridae,32.3,0.252
Rodentia,Muridae,33.2,0.246
Rodentia,Muridae,34.2,0.233
Rodentia,Muridae,19.5,0.151
Rodentia,Muridae,28.2,0.285
Rodentia,Muridae,842,3.89
Rodentia,Muridae,1004.6,3.586
Rodentia,Muridae,1100,5.952
Rodentia,Muridae,19.1,0.165
Rodentia,Muridae,102,0.474
Rodentia,Muridae,113.29,0.746
Rodentia,Muridae,96,0.595
Rodentia,Muridae,83.5,0.508
Rodentia,Muridae,86.5,0.468
Rodentia,Muridae,23.2,0.303
Rodentia,Muridae,45.5,0.261
Rodentia,Muridae,47.6,0.292
Rodentia,Muridae,48,0.25
Rodentia,Muridae,13.6,0.1
Rodentia,Muridae,15.9,0.14
Rodentia,Muridae,16,0.143
Rodentia,Muridae,20.9,0.173
Rodentia,Muridae,49.6,0.324
Rodentia,Muridae,20,0.179
Rodentia,Muridae,20.7,0.15
Rodentia,Muridae,21.5,0.185
Rodentia,Muridae,22,0.182
Rodentia,Muridae,21.5,0.206
Rodentia,Muridae,20,0.185
Rodentia,Muridae,21.4,0.189
Rodentia,Muridae,22.1,0.205
Rodentia,Muridae,22.3,0.19
Rodentia,Muridae,26,0.319
Rodentia,Muridae,17,0.17
Rodentia,Muridae,18.7,0.203
Rodentia,Muridae,18.93,0.22
Rodentia,Muridae,19,0.212
Rodentia,Muridae,19,0.223
Rodentia,Muridae,19.1,0.217
Rodentia,Muridae,19.53,0.222
Rodentia,Muridae,20.38,0.209
Rodentia,Muridae,22,0.245
Rodentia,Muridae,22.8,0.206
Rodentia,Muridae,23.19,0.257
Rodentia,Muridae,24.2,0.225
Rodentia,Muridae,25,0.251
Rodentia,Muridae,66,0.515
Rodentia,Muridae,66.2,0.506
Rodentia,Muridae,24.58,0.243
Rodentia,Muridae,12,0.12
Rodentia,Muridae,28.3,0.261
Rodentia,Muridae,33,0.256
Rodentia,Muridae,33,0.35
Rodentia,Muridae,33.2,0.283
Rodentia,Muridae,33.3,0.349
Rodentia,Muridae,20.41,0.115
Rodentia,Muridae,21.5,0.375
Rodentia,Muridae,25.7,0.228
Rodentia,Muridae,31.4,0.329
Rodentia,Muridae,33.2,0.3
Rodentia,Muridae,35.9,0.425
Rodentia,Muridae,36,0.253
Rodentia,Muridae,49,0.367
Rodentia,Muridae,59,0.398
Rodentia,Muridae,62.8,0.385
Rodentia,Muridae,55,0.316
Rodentia,Muridae,30.8,0.288
Rodentia,Muridae,79.8,0.467
Rodentia,Muridae,12.2,0.13
Rodentia,Muridae,165.7,0.686
Rodentia,Muridae,76,0.471
Rodentia,Muridae,109,0.353
Rodentia,Muridae,160,1.339
Rodentia,Muridae,160,1.169
Rodentia,Muridae,170,0.948
Rodentia,Muridae,170,0.96
Rodentia,Muridae,225,1.506
Rodentia,Muridae,250,2.092
Rodentia,Muridae,390,2.393
Rodentia,Muridae,117,0.77
Rodentia,Muridae,187,0.595
Rodentia,Muridae,185,0.585
Rodentia,Muridae,250.6,0.813
Rodentia,Muridae,78.7,0.428
Rodentia,Muridae,9,0.13
Rodentia,Muridae,39.6,0.179
Rodentia,Muridae,61.3,0.287
Rodentia,Muridae,75.7,0.261
Rodentia,Muridae,12,0.174
Rodentia,Muridae,15.2,0.178
Rodentia,Muridae,56.9,0.248
Rodentia,Muridae,71.2,0.303
Rodentia,Muridae,137.8,1.134
Rodentia,Muridae,137.8,1.157
Rodentia,Muridae,139.3,1.285
Rodentia,Muridae,152.4,0.71
Rodentia,Muridae,191.6,1.4
Rodentia,Muridae,128.6,1.04
Rodentia,Muridae,115.1,0.86
Rodentia,Muridae,37.54,0.105
Rodentia,Muridae,82.33,0.55
Rodentia,Muridae,84.2,0.544
Rodentia,Muridae,171,0.811
Rodentia,Muridae,191,0.842
Rodentia,Muridae,234,0.92
Rodentia,Muridae,106.5,1.016
Rodentia,Muridae,86.8,0.421
Rodentia,Muridae,87,0.422
Rodentia,Muridae,133.8,0.764
Rodentia,Muridae,157.62,0.74
Rodentia,Muridae,124.7,0.382
Rodentia,Muridae,132.4,0.487
Rodentia,Muridae,812,3.184
Rodentia,Myoxidae,38.43,0.225
Rodentia,Myoxidae,67.8,0.37
Rodentia,Myoxidae,23.5,0.351
Rodentia,Myoxidae,152,0.5
Rodentia,Myoxidae,200,0.881
Rodentia,Octodontidae,112,0.675
Rodentia,Octodontidae,176.1,1.023
Rodentia,Octodontidae,193,0.949
Rodentia,Octodontidae,206.4,0.966
Rodentia,Octodontidae,173.2,0.957
Rodentia,Octodontidae,152,0.729
Rodentia,Octodontidae,156.3,0.702
Rodentia,Octodontidae,118.6,0.642
Rodentia,Octodontidae,109.5,0.52
Rodentia,Octodontidae,135,0.596
Rodentia,Octodontidae,136,0.57
Rodentia,Octodontidae,71.4,0.43
Rodentia,Peditidae,2300,4.427
Rodentia,Sciuridae,75.6,0.439
Rodentia,Sciuridae,95.7,0.524
Rodentia,Sciuridae,96,0.54
Rodentia,Sciuridae,112.8,0.55
Rodentia,Sciuridae,1112.3,2.358
Rodentia,Sciuridae,460,1.347
Rodentia,Sciuridae,63,0.58
Rodentia,Sciuridae,112.3,0.533
Rodentia,Sciuridae,60,0.57
Rodentia,Sciuridae,95,0.5
Rodentia,Sciuridae,244,1.011
Rodentia,Sciuridae,62.8,0.37
Rodentia,Sciuridae,64.25,0.377
Rodentia,Sciuridae,76,0.509
Rodentia,Sciuridae,230,0.744
Rodentia,Sciuridae,4295,8.626
Rodentia,Sciuridae,2650,3.696
Rodentia,Sciuridae,223.6,0.811
Rodentia,Sciuridae,206,0.977
Rodentia,Sciuridae,366.6,1.452
Rodentia,Sciuridae,624,2.402
Rodentia,Sciuridae,440,2.062
Rodentia,Sciuridae,307,1.062
Rodentia,Sciuridae,312.8,0.88
Rodentia,Sciuridae,320,0.821
Rodentia,Sciuridae,599.6,1.773
Rodentia,Sciuridae,288.56,0.8
Rodentia,Sciuridae,289.8,0.889
Rodentia,Sciuridae,303,0.71
Rodentia,Sciuridae,240,1.272
Rodentia,Sciuridae,607,2.19
Rodentia,Sciuridae,217.6,1.317
Rodentia,Sciuridae,237,0.8
Rodentia,Sciuridae,270.16,0.74
Rodentia,Sciuridae,278.7,1.119
Rodentia,Sciuridae,240,0.629
Rodentia,Sciuridae,650,2.901
Rodentia,Sciuridae,252.3,0.901
Rodentia,Sciuridae,273.07,0.74
Rodentia,Sciuridae,274,0.734
Rodentia,Sciuridae,252.2,0.9
Rodentia,Sciuridae,261.15,0.8
Rodentia,Sciuridae,157.8,0.5
Rodentia,Sciuridae,174,0.514
Rodentia,Sciuridae,180.3,0.624
Rodentia,Sciuridae,90.8,0.334
Rodentia,Sciuridae,129,0.72
Rodentia,Sciuridae,167,0.522
Rodentia,Sciuridae,212.52,0.6
Rodentia,Sciuridae,229,0.587
Rodentia,Sciuridae,231,0.722
Rodentia,Sciuridae,182,0.579
Rodentia,Sciuridae,205.4,0.783
Rodentia,Sciuridae,209,2.099
Rodentia,Sciuridae,500,2.789
Rodentia,Sciuridae,680,3.721
Rodentia,Sciuridae,1000,4.5
Rodentia,Sciuridae,39,0.322
Rodentia,Sciuridae,52.7,0.43
Rodentia,Sciuridae,57.1,0.537
Rodentia,Sciuridae,57.3,0.54
Rodentia,Sciuridae,75,0.44
Rodentia,Sciuridae,78.9,0.48
Rodentia,Sciuridae,45.8,0.406
Rodentia,Sciuridae,53,0.3
Rodentia,Sciuridae,69.4,0.631
Rodentia,Sciuridae,87.4,0.502
Rodentia,Sciuridae,91.8,1.316
Rodentia,Sciuridae,202,1.803
Rodentia,Sciuridae,224,1.41
Rodentia,Sciuridae,225,1.883
Rodentia,Sciuridae,228.3,1.42
Rodentia,Sciuridae,515.3,1.731
Rodentia,Sciuridae,542,1.82
Rodentia,Sciuridae,602,1.897
Rodentia,Sciuridae,627,1.976
Scandentia,Tupaiidae,57.5,0.24
Scandentia,Tupaiidae,123,0.522
Scandentia,Tupaiidae,260.6,1.25
Sirenia,Trichechidae,165223,64.52
Sirenia,Trichechidae,170000,46.91
Tubulidentata,Orycteropodidae,48000,34.275
Xenarthra,Bradypodidae,3790,3.827
Xenarthra,Dasypodidae,3810,4.527
Xenarthra,Dasypodidae,4330,5.116
Xenarthra,Dasypodidae,2150,3.118
Xenarthra,Dasypodidae,1110,1.707
Xenarthra,Dasypodidae,4540,4.508
Xenarthra,Dasypodidae,3320,4.49
Xenarthra,Dasypodidae,3510,4.825
Xenarthra,Dasypodidae,8190,6.901
Xenarthra,Dasypodidae,45190,16.892
Xenarthra,Dasypodidae,1160,1.172
Xenarthra,Dasypodidae,1740,2.192
Xenarthra,Megalonychidae,3770,3.364
Xenarthra,Megalonychidae,4010,3.892
Xenarthra,Megalonychidae,4250,4.5
Xenarthra,Myrmecophagidae,240,0.636
Xenarthra,Myrmecophagidae,30600,14.543
Xenarthra,Myrmecophagidae,3500,5.077
Xenarthra,Myrmecophagidae,3977,5.534
Xenarthra,Myrmecophagidae,4210,4.79
Xenarthra,Myrmecophagidae,3500,5.015
